Operation,User, First Name, Last Name, Site, Language, Time Zone, User Supervisor, Role, Work Email, Home Email, SMS Phone, Work Phone
process,U00000,Test,User(U00000),Default Site,English,US/Eastern,,Standard User,U00000@example.com,U00000@examplehome.com, +1 5555500000, +1 1115500000
process,U00001,Test,User(U00001),Default Site,English,US/Eastern,,Standard User,U00001@example.com,U00001@examplehome.com, +1 5555500001, +1 1115500001
process,U00002,Test,User(U00002),Default Site,English,US/Eastern,,Standard User,U00002@example.com,U00002@examplehome.com, +1 5555500002, +1 1115500002
process,U00003,Test,User(U00003),Default Site,English,US/Eastern,,Standard User,U00003@example.com,U00003@examplehome.com, +1 5555500003, +1 1115500003
process,U00004,Test,User(U00004),Default Site,English,US/Eastern,,Standard User,U00004@example.com,U00004@examplehome.com, +1 5555500004, +1 1115500004
process,U00005,Test,User(U00005),Default Site,English,US/Eastern,,Standard User,U00005@example.com,U00005@examplehome.com, +1 5555500005, +1 1115500005
process,U00006,Test,User(U00006),Default Site,English,US/Eastern,,Standard User,U00006@example.com,U00006@examplehome.com, +1 5555500006, +1 1115500006
process,U00007,Test,User(U00007),Default Site,English,US/Eastern,,Standard User,U00007@example.com,U00007@examplehome.com, +1 5555500007, +1 1115500007
process,U00008,Test,User(U00008),Default Site,English,US/Eastern,,Standard User,U00008@example.com,U00008@examplehome.com, +1 5555500008, +1 1115500008
process,U00009,Test,User(U00009),Default Site,English,US/Eastern,,Standard User,U00009@example.com,U00009@examplehome.com, +1 5555500009, +1 1115500009